DATE_TIME,AC_POWER
2020-05-15 00:00:00,0.0
2020-05-15 01:00:00,0.0
2020-05-15 02:00:00,0.0
2020-05-15 03:00:00,0.0
2020-05-15 04:00:00,0.0
2020-05-15 05:00:00,0.0
2020-05-15 06:00:00,57.61524086404651
2020-05-15 07:00:00,193.7433468602273
2020-05-15 08:00:00,414.1289136886364
2020-05-15 09:00:00,559.1897118522728
2020-05-15 10:00:00,649.6473741886364
2020-05-15 11:00:00,752.6039339681818
2020-05-15 12:00:00,858.4139880829546
2020-05-15 13:00:00,696.7075487045454
2020-05-15 14:00:00,872.8620900977272
2020-05-15 15:00:00,608.1986201272728
2020-05-15 16:00:00,435.4760619590909
2020-05-15 17:00:00,152.61386634261365
2020-05-15 18:00:00,9.551461039034091
2020-05-15 19:00:00,0.0
2020-05-15 20:00:00,0.0
2020-05-15 21:00:00,0.0
2020-05-15 22:00:00,0.0
2020-05-15 23:00:00,0.0
2020-05-16 02:00:00,0.0
2020-05-16 03:00:00,0.0
2020-05-16 04:00:00,0.0
2020-05-16 05:00:00,0.0
2020-05-16 06:00:00,53.99545454421591
2020-05-16 07:00:00,231.03051947954543
2020-05-16 08:00:00,524.350040584091
2020-05-16 09:00:00,622.8289366897727
2020-05-16 10:00:00,787.9552556795454
2020-05-16 11:00:00,775.522301134091
2020-05-16 12:00:00,930.2612621579544
2020-05-16 13:00:00,851.5458198181818
2020-05-16 14:00:00,723.7512175306819
2020-05-16 15:00:00,539.8100649375
2020-05-16 16:00:00,270.8859577920455
2020-05-16 17:00:00,134.18439529215908
2020-05-16 18:00:00,12.513108766477274
2020-05-16 19:00:00,0.0
2020-05-16 20:00:00,0.0
2020-05-16 21:00:00,0.0
2020-05-16 22:00:00,0.0
2020-05-16 23:00:00,0.0
2020-05-17 00:00:00,0.0
2020-05-17 01:00:00,0.0
2020-05-17 02:00:00,0.0
2020-05-17 03:00:00,0.0
2020-05-17 04:00:00,0.0
2020-05-17 05:00:00,0.0
2020-05-17 06:00:00,35.32816558477273
2020-05-17 07:00:00,269.8976461068182
2020-05-17 08:00:00,571.1116274363636
2020-05-17 09:00:00,804.2120332886363
2020-05-17 10:00:00,1007.2373376875
2020-05-17 11:00:00,1136.9620264943185
2020-05-17 12:00:00,917.3577313204546
2020-05-17 13:00:00,759.1944399238637
2020-05-17 14:00:00,689.005357140909
2020-05-17 15:00:00,698.6413758113636
2020-05-17 16:00:00,465.9176609863636
2020-05-17 17:00:00,145.39324269136364
2020-05-17 18:00:00,10.825324675340909
2020-05-17 19:00:00,0.0
2020-05-17 20:00:00,0.0
2020-05-17 21:00:00,0.0
2020-05-17 22:00:00,0.0
2020-05-17 23:00:00,0.0
2020-05-18 00:00:00,0.0
2020-05-18 01:00:00,0.0
2020-05-18 02:00:00,0.0
2020-05-18 03:00:00,0.0
2020-05-18 04:00:00,0.0
2020-05-18 05:00:00,0.0
2020-05-18 06:00:00,56.95588474180682
2020-05-18 07:00:00,234.7762175352273
2020-05-18 08:00:00,156.31708603977273
2020-05-18 09:00:00,159.25253652386365
2020-05-18 10:00:00,314.13336038977275
2020-05-18 11:00:00,610.5872159113636
2020-05-18 12:00:00,812.0459212659091
2020-05-18 13:00:00,1027.3545860397726
2020-05-18 14:00:00,672.3878855465908
2020-05-18 15:00:00,741.6678165602273
2020-05-18 16:00:00,411.3768668840909
2020-05-18 17:00:00,140.77051542159091
2020-05-18 18:00:00,14.302617694772726
2020-05-18 19:00:00,0.0
2020-05-18 20:00:00,0.0
2020-05-18 21:00:00,0.0
2020-05-18 22:00:00,0.0
2020-05-18 23:00:00,0.0
2020-05-19 00:00:00,0.0
2020-05-19 01:00:00,0.0
2020-05-19 02:00:00,0.0
2020-05-19 03:00:00,0.0
2020-05-19 04:00:00,0.0
2020-05-19 05:00:00,0.0
2020-05-19 06:00:00,24.130965909375
2020-05-19 07:00:00,270.7792816579545
2020-05-19 08:00:00,313.0888595784091
2020-05-19 09:00:00,663.0724837647728
2020-05-19 10:00:00,724.7310267852273
2020-05-19 11:00:00,705.3482593712122
2020-05-19 12:00:00,1041.1481060590909
2020-05-19 13:00:00,860.9070819829547
2020-05-19 14:00:00,938.7081980431816
2020-05-19 15:00:00,621.5272321431818
2020-05-19 16:00:00,501.79535714375
2020-05-19 17:00:00,153.47849702347222
2020-05-19 18:00:00,0.0241319444444444
2020-05-19 19:00:00,0.0
2020-05-19 20:00:00,0.0
2020-05-19 21:00:00,0.0
2020-05-19 22:00:00,0.0
2020-05-19 23:00:00,0.0
2020-05-20 00:00:00,0.0
2020-05-20 01:00:00,0.0
2020-05-20 02:00:00,0.0
2020-05-20 03:00:00,0.0
2020-05-20 04:00:00,0.0
2020-05-20 05:00:00,0.0
2020-05-20 06:00:00,53.50829951370454
2020-05-20 07:00:00,291.0356331181818
2020-05-20 08:00:00,609.7945211079546
2020-05-20 09:00:00,845.2680600659091
2020-05-20 10:00:00,1053.9497362056818
2020-05-20 11:00:00,1179.3660308522726
2020-05-20 12:00:00,1242.08630275
2020-05-20 13:00:00,1157.3172375454544
2020-05-20 17:00:00,166.38672889545455
2020-05-20 18:00:00,30.009517045522728
2020-05-20 19:00:00,0.0
2020-05-20 20:00:00,0.0
2020-05-20 21:00:00,0.0
2020-05-20 22:00:00,0.0
2020-05-21 07:00:00,340.67727272727274
2020-05-21 08:00:00,587.2846144511363
2020-05-21 09:00:00,898.9135349011362
2020-05-21 10:00:00,815.1498295284091
2020-05-21 11:00:00,1158.9883319613637
2020-05-21 12:00:00,971.9448052102272
2020-05-21 13:00:00,1083.410665584091
2020-05-21 14:00:00,821.2667410840909
2020-05-21 15:00:00,683.5260890193182
2020-05-21 16:00:00,346.9894074681818
2020-05-21 17:00:00,69.08098620147727
2020-05-21 18:00:00,12.586498917575758
2020-05-21 19:00:00,0.0
2020-05-21 20:00:00,0.0
2020-05-21 21:00:00,0.0
2020-05-21 22:00:00,0.0
2020-05-21 23:00:00,0.0
2020-05-22 00:00:00,0.0
2020-05-22 01:00:00,0.0
2020-05-22 02:00:00,0.0
2020-05-22 03:00:00,0.0
2020-05-22 04:00:00,0.0
2020-05-22 05:00:00,0.0
2020-05-22 06:00:00,69.7466314953409
2020-05-22 07:00:00,344.2734172068182
2020-05-22 08:00:00,397.53378652272727
2020-05-22 09:00:00,552.9837784102273
2020-05-22 10:00:00,744.4057426920455
2020-05-22 11:00:00,1001.1201541988636
2020-05-22 12:00:00,1067.0139204602272
2020-05-22 13:00:00,1022.045488384091
2020-05-22 14:00:00,967.8309253011364
2020-05-22 15:00:00,609.3483360420455
2020-05-22 16:00:00,248.3329342556818
2020-05-22 17:00:00,100.29772727477274
2020-05-22 18:00:00,11.000234962539476
2020-05-22 19:00:00,0.0
2020-05-22 20:00:00,0.0
2020-05-22 21:00:00,0.0
2020-05-22 22:00:00,0.0
2020-05-22 23:00:00,0.0
2020-05-23 00:00:00,0.0
2020-05-23 01:00:00,0.0
2020-05-23 02:00:00,0.0
2020-05-23 03:00:00,0.0
2020-05-23 04:00:00,0.0
2020-05-23 05:00:00,0.0
2020-05-23 06:00:00,64.52242424181817
2020-05-23 07:00:00,245.66479302386367
2020-05-23 08:00:00,650.7960227284091
2020-05-23 09:00:00,839.7370941522728
2020-05-23 10:00:00,889.511870946591
2020-05-23 11:00:00,1183.5398133011363
2020-05-23 12:00:00,1141.9017451
2020-05-23 13:00:00,1145.82512175
2020-05-23 14:00:00,808.8120332886364
2020-05-23 15:00:00,731.9988230511364
2020-05-23 16:00:00,537.3208401011364
2020-05-23 17:00:00,238.302272725
2020-05-23 18:00:00,46.41678165669318
2020-05-23 19:00:00,0.0
2020-05-23 20:00:00,0.0
2020-05-23 21:00:00,0.0
2020-05-23 22:00:00,0.0
2020-05-23 23:00:00,0.0
2020-05-24 00:00:00,0.0
2020-05-24 01:00:00,0.0
2020-05-24 02:00:00,0.0
2020-05-24 03:00:00,0.0
2020-05-24 04:00:00,0.0
2020-05-24 05:00:00,0.0
2020-05-24 06:00:00,59.295535714909086
2020-05-24 07:00:00,280.0232142818182
2020-05-24 08:00:00,543.8265624977273
2020-05-24 09:00:00,706.9646103931818
2020-05-24 10:00:00,898.0773133159091
2020-05-24 11:00:00,1100.3525365329544
2020-05-24 12:00:00,1174.799310056818
2020-05-24 13:00:00,1104.1968749920454
2020-05-24 14:00:00,909.7018871806818
2020-05-24 15:00:00,530.0829545454545
2020-05-24 16:00:00,385.7897524340909
2020-05-24 17:00:00,231.92102272500003
2020-05-24 18:00:00,27.44354707772727
2020-05-24 19:00:00,0.0
2020-05-24 20:00:00,0.0
2020-05-24 21:00:00,0.0
2020-05-24 22:00:00,0.0
2020-05-24 23:00:00,0.0
2020-05-25 00:00:00,0.0
2020-05-25 01:00:00,0.0
2020-05-25 02:00:00,0.0
2020-05-25 03:00:00,0.0
2020-05-25 04:00:00,0.0
2020-05-25 05:00:00,0.0
2020-05-25 06:00:00,64.87133458539473
2020-05-25 07:00:00,258.2510754852273
2020-05-25 08:00:00,575.2316761375
2020-05-25 09:00:00,899.5187702954546
2020-05-25 10:00:00,1069.4343141318182
2020-05-25 11:00:00,1187.3369521136365
2020-05-25 12:00:00,1221.3552354204546
2020-05-25 13:00:00,1152.5498444318182
2020-05-25 14:00:00,1011.8594155590908
2020-05-25 15:00:00,865.3740665636363
2020-05-25 16:00:00,374.4378652568182
2020-05-25 17:00:00,79.85870535693182
2020-05-25 18:00:00,16.677759740511366
2020-05-25 19:00:00,0.0
2020-05-25 20:00:00,0.0
2020-05-25 21:00:00,0.0
2020-05-25 22:00:00,0.0
2020-05-25 23:00:00,0.0
2020-05-26 00:00:00,0.0
2020-05-26 01:00:00,0.0
2020-05-26 02:00:00,0.0
2020-05-26 03:00:00,0.0
2020-05-26 04:00:00,0.0
2020-05-26 05:00:00,0.0
2020-05-26 06:00:00,60.19697646279545
2020-05-26 07:00:00,292.1579139602273
2020-05-26 08:00:00,616.5536931829546
2020-05-26 09:00:00,888.9367694840909
2020-05-26 10:00:00,1060.936627475
2020-05-26 11:00:00,992.4646306693182
2020-05-26 12:00:00,1054.7782467056818
2020-05-26 13:00:00,972.8115259715908
2020-05-26 14:00:00,574.6234577875
2020-05-26 15:00:00,596.9858157488636
2020-05-26 16:00:00,557.5114448022728
2020-05-26 17:00:00,156.12532467477274
2020-05-26 18:00:00,13.212548923561643
2020-05-26 19:00:00,0.0
2020-05-26 20:00:00,0.0
2020-05-26 21:00:00,0.0
2020-05-26 22:00:00,0.0
2020-05-26 23:00:00,0.0
2020-05-27 00:00:00,0.0
2020-05-27 01:00:00,0.0
2020-05-27 02:00:00,0.0
2020-05-27 03:00:00,0.0
2020-05-27 04:00:00,0.0
2020-05-27 05:00:00,0.0
2020-05-27 06:00:00,69.60810470965909
2020-05-27 07:00:00,275.10369183068184
2020-05-27 08:00:00,570.2550662897728
2020-05-27 09:00:00,815.7199918874999
2020-05-27 10:00:00,738.4379058397727
2020-05-27 11:00:00,998.6801474795454
2020-05-27 12:00:00,848.9232142738637
2020-05-27 13:00:00,560.1221049784091
2020-05-27 14:00:00,559.4839353363636
2020-05-27 15:00:00,585.264630678409
2020-05-27 16:00:00,479.96250000113633
2020-05-27 17:00:00,145.46079545102273
2020-05-27 18:00:00,14.805998168846154
2020-05-27 19:00:00,0.0
2020-05-27 20:00:00,0.0
2020-05-27 21:00:00,0.0
2020-05-27 22:00:00,0.0
2020-05-27 23:00:00,0.0
2020-05-28 00:00:00,0.0
2020-05-28 01:00:00,0.0
2020-05-28 02:00:00,0.0
2020-05-28 03:00:00,0.0
2020-05-28 04:00:00,0.0
2020-05-28 05:00:00,0.0
2020-05-28 06:00:00,65.19602272818182
2020-05-28 07:00:00,301.61700487045454
2020-05-28 08:00:00,616.7073863636364
2020-05-28 09:00:00,884.8853896090909
2020-05-28 10:00:00,979.9604098977272
2020-05-28 11:00:00,1193.0191963886364
2020-05-28 12:00:00,1172.7238555397728
2020-05-28 13:00:00,985.45217125
2020-05-28 14:00:00,743.5549770068181
2020-05-28 15:00:00,801.8689191022727
2020-05-28 16:00:00,378.1605722397728
2020-05-28 17:00:00,188.29366612579545
2020-05-28 18:00:00,19.46333468614773
2020-05-28 19:00:00,0.0
2020-05-28 20:00:00,0.0
2020-05-28 21:00:00,0.0
2020-05-28 22:00:00,0.0
2020-05-29 06:00:00,97.77981060545454
2020-05-29 07:00:00,217.50566152386364
2020-05-29 08:00:00,446.0377029261363
2020-05-29 09:00:00,755.8622767875
2020-05-29 10:00:00,1077.0521983590909
2020-05-29 11:00:00,1086.3902394602271
2020-05-29 12:00:00,1132.3842329545455
2020-05-29 13:00:00,1073.1016639625
2020-05-29 14:00:00,805.6732345806818
2020-05-29 15:00:00,721.9519886386364
2020-05-29 16:00:00,512.3474634715909
2020-05-29 17:00:00,187.97678571215909
2020-05-29 18:00:00,19.1283854165625
2020-05-29 19:00:00,0.0
2020-05-29 20:00:00,0.0
2020-05-29 21:00:00,0.0
2020-05-29 22:00:00,0.0
2020-05-29 23:00:00,0.0
2020-05-30 00:00:00,0.0
2020-05-30 01:00:00,0.0
2020-05-30 02:00:00,0.0
2020-05-30 03:00:00,0.0
2020-05-30 04:00:00,0.0
2020-05-30 05:00:00,0.0
2020-05-30 06:00:00,55.54730113568182
2020-05-30 07:00:00,202.0538555193182
2020-05-30 08:00:00,354.47207792159094
2020-05-30 09:00:00,492.9079545465909
2020-05-30 10:00:00,481.6105316534091
2020-05-30 11:00:00,817.0718750068182
2020-05-30 12:00:00,1133.6832183079546
2020-05-30 13:00:00,1043.4203125056815
2020-05-30 14:00:00,1062.5175730443182
2020-05-30 15:00:00,834.6039569795455
2020-05-30 16:00:00,509.9908076306818
2020-05-30 17:00:00,216.1744724030682
2020-05-30 18:00:00,23.709638798659093
2020-05-30 19:00:00,0.0
2020-05-30 20:00:00,0.0
2020-05-30 21:00:00,0.0
2020-05-30 22:00:00,0.0
2020-05-30 23:00:00,0.0
2020-05-31 00:00:00,0.0
2020-05-31 01:00:00,0.0
2020-05-31 02:00:00,0.0
2020-05-31 03:00:00,0.0
2020-05-31 04:00:00,0.0
2020-05-31 05:00:00,0.0
2020-05-31 06:00:00,58.48013393017045
2020-05-31 07:00:00,165.72431006704545
2020-05-31 08:00:00,430.40947645795455
2020-05-31 09:00:00,662.2504667204546
2020-05-31 10:00:00,942.5341923909092
2020-05-31 11:00:00,932.278409103409
2020-05-31 12:00:00,914.9870941431818
2020-05-31 13:00:00,641.7931818193182
2020-05-31 14:00:00,579.6133928568182
2020-05-31 15:00:00,258.8003652625
2020-05-31 16:00:00,214.9367288965909
2020-05-31 17:00:00,151.63510551818183
2020-05-31 18:00:00,23.138676947886363
2020-05-31 19:00:00,0.0
2020-05-31 20:00:00,0.0
2020-05-31 21:00:00,0.0
2020-05-31 22:00:00,0.0
2020-05-31 23:00:00,0.0
2020-06-01 00:00:00,0.0
2020-06-01 01:00:00,0.0
2020-06-01 02:00:00,0.0
2020-06-01 03:00:00,0.0
2020-06-01 04:00:00,0.0
2020-06-01 05:00:00,0.0
2020-06-01 06:00:00,73.91193181911363
2020-06-01 07:00:00,351.9834212636364
2020-06-01 08:00:00,597.7328327943183
2020-06-01 09:00:00,647.8116274363637
2020-06-01 10:00:00,974.0396712477273
2020-06-01 11:00:00,946.2979707386364
2020-06-01 12:00:00,579.4877029227273
2020-06-01 13:00:00,793.9307224193182
2020-06-01 14:00:00,347.5705762965909
2020-06-01 15:00:00,198.3449878215909
2020-06-01 16:00:00,171.04973620340908
2020-06-01 17:00:00,89.47426948204544
2020-06-01 18:00:00,20.31341314943182
2020-06-01 19:00:00,0.0
2020-06-01 20:00:00,0.0
2020-06-01 21:00:00,0.0
2020-06-01 22:00:00,0.0
2020-06-01 23:00:00,0.0
2020-06-02 00:00:00,0.0
2020-06-02 01:00:00,0.0
2020-06-02 02:00:00,0.0
2020-06-02 03:00:00,0.0
2020-06-02 04:00:00,0.0
2020-06-02 05:00:00,0.0
2020-06-02 06:00:00,42.87765827936364
2020-06-02 07:00:00,192.95720373409088
2020-06-02 08:00:00,686.5834821431819
2020-06-02 09:00:00,854.6059253261363
2020-06-02 10:00:00,800.1464691556819
2020-06-02 11:00:00,703.5396712670455
2020-06-02 12:00:00,922.2185064681818
2020-06-02 13:00:00,1153.7588880079545
2020-06-02 14:00:00,778.9396306806818
2020-06-02 15:00:00,600.6237215897728
2020-06-02 16:00:00,477.8690340897727
2020-06-02 17:00:00,143.26034902772727
2020-06-02 18:00:00,19.032552083296878
2020-06-02 19:00:00,0.0
2020-06-02 20:00:00,0.0
2020-06-02 21:00:00,0.0
2020-06-02 22:00:00,0.0
2020-06-02 23:00:00,0.0
2020-06-03 00:00:00,0.0
2020-06-03 01:00:00,0.0
2020-06-03 02:00:00,0.0
2020-06-03 03:00:00,0.0
2020-06-03 04:00:00,0.0
2020-06-03 05:00:00,0.0
2020-06-03 06:00:00,46.20594561696591
2020-06-03 07:00:00,238.9444805215909
2020-06-03 08:00:00,451.9705154238636
2020-06-03 09:00:00,594.38502435
2020-06-03 10:00:00,771.8403612079545
2020-06-03 11:00:00,1046.8841315170455
2020-06-03 12:00:00,1055.662134772727
2020-06-03 13:00:00,965.3453192522728
2020-06-03 14:00:00,935.8296683742856
2020-06-03 15:00:00,866.4751826261363
2020-06-03 16:00:00,390.67116477272725
2020-06-03 17:00:00,282.9331574625
2020-06-03 18:00:00,27.32264610393182
2020-06-03 19:00:00,0.0
2020-06-03 20:00:00,0.0
2020-06-03 21:00:00,0.0
2020-06-03 22:00:00,0.0
2020-06-03 23:00:00,0.0
2020-06-04 00:00:00,0.0
2020-06-04 01:00:00,0.0
2020-06-04 02:00:00,0.0
2020-06-04 03:00:00,0.0
2020-06-04 04:00:00,0.0
2020-06-04 05:00:00,0.0
2020-06-04 06:00:00,58.13191964269318
2020-06-04 07:00:00,253.2172077931818
2020-06-04 08:00:00,525.5690543818182
2020-06-04 09:00:00,676.3298498386364
2020-06-04 10:00:00,970.9568790556818
2020-06-04 11:00:00,971.1288758113636
2020-06-04 12:00:00,978.1441761681816
2020-06-04 13:00:00,1073.6191558761363
2020-06-04 14:00:00,796.3151582806819
2020-06-04 15:00:00,892.1182629772727
2020-06-04 16:00:00,594.6836444795455
2020-06-04 17:00:00,314.2351258136364
2020-06-04 18:00:00,33.99538690501316
2020-06-04 19:00:00,0.0
2020-06-04 20:00:00,0.0
2020-06-04 21:00:00,0.0
2020-06-04 22:00:00,0.0
2020-06-04 23:00:00,0.0
2020-06-05 00:00:00,0.0
2020-06-05 01:00:00,0.0
2020-06-05 02:00:00,0.0
2020-06-05 03:00:00,0.0
2020-06-05 04:00:00,0.0
2020-06-05 05:00:00,0.0
2020-06-05 06:00:00,56.88589691685227
2020-06-05 07:00:00,192.32053571477272
2020-06-05 08:00:00,550.1366071431818
2020-06-05 09:00:00,773.9109374920455
2020-06-05 10:00:00,912.4090503556818
2020-06-05 11:00:00,1075.2717735693182
2020-06-05 12:00:00,450.38157467272725
2020-06-05 13:00:00,973.6365665420454
2020-06-05 14:00:00,987.1184253420456
2020-06-05 15:00:00,704.2738636397727
2020-06-05 16:00:00,603.3943993454545
2020-06-05 17:00:00,341.586525975
2020-06-05 18:00:00,48.7181770813
2020-06-05 19:00:00,0.0
2020-06-05 20:00:00,0.0
2020-06-05 21:00:00,0.0
2020-06-05 22:00:00,0.0
2020-06-05 23:00:00,0.0
2020-06-06 00:00:00,0.0
2020-06-06 01:00:00,0.0
2020-06-06 02:00:00,0.0
2020-06-06 03:00:00,0.0
2020-06-06 04:00:00,0.0
2020-06-06 05:00:00,0.0
2020-06-06 06:00:00,67.03299512977273
2020-06-06 07:00:00,352.90306412159094
2020-06-06 08:00:00,579.9564935045454
2020-06-06 09:00:00,616.1469155863637
2020-06-06 10:00:00,898.7483766295455
2020-06-06 11:00:00,834.1063920227273
2020-06-06 12:00:00,872.65925325
2020-06-06 13:00:00,859.10458605
2020-06-06 14:00:00,646.8807833136364
2020-06-06 15:00:00,408.5882305215909
2020-06-06 16:00:00,167.81499594431818
2020-06-06 17:00:00,56.998741883181815
2020-06-06 18:00:00,10.95638736301923
2020-06-06 19:00:00,0.0
2020-06-06 20:00:00,0.0
2020-06-06 21:00:00,0.0
2020-06-06 22:00:00,0.0
2020-06-06 23:00:00,0.0
2020-06-07 00:00:00,0.0
2020-06-07 01:00:00,0.0
2020-06-07 02:00:00,0.0
2020-06-07 03:00:00,0.0
2020-06-07 04:00:00,0.0
2020-06-07 05:00:00,0.0
2020-06-07 06:00:00,66.38885957727273
2020-06-07 07:00:00,200.1985998386364
2020-06-07 08:00:00,381.4662134761364
2020-06-07 09:00:00,751.0714488625
2020-06-07 10:00:00,907.9339691386364
2020-06-07 11:00:00,1163.3631087761364
2020-06-07 12:00:00,1103.1007508261364
2020-06-07 13:00:00,788.2518059931818
2020-06-07 14:00:00,723.578409085
2020-06-07 15:00:00,742.6597199693182
2020-06-07 16:00:00,537.6796874965909
2020-06-07 17:00:00,247.41375812045453
2020-06-07 18:00:00,24.842471591011364
2020-06-07 19:00:00,0.0
2020-06-07 20:00:00,0.0
2020-06-07 21:00:00,0.0
2020-06-07 22:00:00,0.0
2020-06-07 23:00:00,0.0
2020-06-08 00:00:00,0.0
2020-06-08 01:00:00,0.0
2020-06-08 02:00:00,0.0
2020-06-08 03:00:00,0.0
2020-06-08 04:00:00,0.0
2020-06-08 05:00:00,0.0
2020-06-08 06:00:00,60.692390421556816
2020-06-08 07:00:00,241.13232548977277
2020-06-08 08:00:00,493.8228084397728
2020-06-08 09:00:00,945.4967992284091
2020-06-08 10:00:00,1119.6279220545457
2020-06-08 11:00:00,1066.1113433295454
2020-06-08 12:00:00,939.9819602193182
2020-06-08 13:00:00,894.6962662272726
2020-06-08 14:00:00,1004.5596996568182
2020-06-08 15:00:00,813.6006696340909
2020-06-08 16:00:00,467.1207386386364
2020-06-08 17:00:00,216.23407061704543
2020-06-08 18:00:00,33.37146915556818
2020-06-08 19:00:00,0.0
2020-06-08 20:00:00,0.0
2020-06-08 21:00:00,0.0
2020-06-08 22:00:00,0.0
2020-06-08 23:00:00,0.0
2020-06-09 00:00:00,0.0
2020-06-09 01:00:00,0.0
2020-06-09 02:00:00,0.0
2020-06-09 03:00:00,0.0
2020-06-09 04:00:00,0.0
2020-06-09 05:00:00,0.0
2020-06-09 06:00:00,71.02875406125
2020-06-09 07:00:00,249.32512175113635
2020-06-09 08:00:00,637.0491680193182
2020-06-09 09:00:00,860.5419642875
2020-06-09 10:00:00,970.5730113352272
2020-06-09 11:00:00,1070.0189123420455
2020-06-09 12:00:00,922.3163757909092
2020-06-09 13:00:00,963.9964894306818
2020-06-09 14:00:00,712.0096996795454
2020-06-09 15:00:00,792.2945008136364
2020-06-09 16:00:00,522.6965300306819
2020-06-09 17:00:00,231.7665584409091
2020-06-09 18:00:00,33.17250405853409
2020-06-09 19:00:00,0.0
2020-06-09 20:00:00,0.0
2020-06-09 21:00:00,0.0
2020-06-09 22:00:00,0.0
2020-06-09 23:00:00,0.0
2020-06-10 00:00:00,0.0
2020-06-10 01:00:00,0.0
2020-06-10 02:00:00,0.0
2020-06-10 03:00:00,0.0
2020-06-10 04:00:00,0.0
2020-06-10 05:00:00,0.0
2020-06-10 06:00:00,66.30986201229545
2020-06-10 07:00:00,296.4090300318182
2020-06-10 08:00:00,426.0259334431819
2020-06-10 09:00:00,700.976501621591
2020-06-10 10:00:00,598.4875405818182
2020-06-10 11:00:00,745.5176948034091
2020-06-10 12:00:00,1155.1956777772727
2020-06-10 13:00:00,937.1079951443182
2020-06-10 14:00:00,572.4646712670454
2020-06-10 15:00:00,345.0383928556818
2020-06-10 16:00:00,386.3047889613636
2020-06-10 17:00:00,184.90357142613635
2020-06-10 18:00:00,16.366193181704546
2020-06-10 19:00:00,0.0
2020-06-10 20:00:00,0.0
2020-06-10 21:00:00,0.0
2020-06-10 22:00:00,0.0
2020-06-10 23:00:00,0.0
2020-06-11 00:00:00,0.0
2020-06-11 01:00:00,0.0
2020-06-11 02:00:00,0.0
2020-06-11 03:00:00,0.0
2020-06-11 04:00:00,0.0
2020-06-11 05:00:00,0.0
2020-06-11 06:00:00,25.223112824772727
2020-06-11 07:00:00,133.58532873079545
2020-06-11 08:00:00,291.9160511386364
2020-06-11 09:00:00,421.89395292500006
2020-06-11 10:00:00,548.322504059091
2020-06-11 11:00:00,748.1929991875
2020-06-11 12:00:00,781.3579951318181
2020-06-11 13:00:00,619.4647524340909
2020-06-11 14:00:00,799.0429991920454
2020-06-11 15:00:00,666.1980519488636
2020-06-11 16:00:00,393.0758725647728
2020-06-11 17:00:00,163.44539366920455
2020-06-11 18:00:00,23.904423701238635
2020-06-11 19:00:00,0.0
2020-06-11 20:00:00,0.0
2020-06-11 21:00:00,0.0
2020-06-11 22:00:00,0.0
2020-06-11 23:00:00,0.0
2020-06-12 00:00:00,0.0
2020-06-12 01:00:00,0.0
2020-06-12 02:00:00,0.0
2020-06-12 03:00:00,0.0
2020-06-12 04:00:00,0.0
2020-06-12 05:00:00,0.0
2020-06-12 06:00:00,29.506676136590908
2020-06-12 07:00:00,102.84415584295454
2020-06-12 08:00:00,290.31582792386365
2020-06-12 09:00:00,556.9474228909091
2020-06-12 10:00:00,694.2457589329546
2020-06-12 11:00:00,823.0506290704544
2020-06-12 12:00:00,792.8825284159091
2020-06-12 13:00:00,825.6281655818183
2020-06-12 14:00:00,696.7892248397727
2020-06-12 15:00:00,515.4508116863636
2020-06-12 16:00:00,268.7096185056818
2020-06-12 17:00:00,182.710227275
2020-06-12 18:00:00,31.02911931825
2020-06-12 19:00:00,0.0
2020-06-12 20:00:00,0.0
2020-06-12 21:00:00,0.0
2020-06-12 22:00:00,0.0
2020-06-12 23:00:00,0.0
2020-06-13 00:00:00,0.0
2020-06-13 01:00:00,0.0
2020-06-13 02:00:00,0.0
2020-06-13 03:00:00,0.0
2020-06-13 04:00:00,0.0
2020-06-13 05:00:00,0.0
2020-06-13 06:00:00,51.67893668777273
2020-06-13 07:00:00,296.3457183420455
2020-06-13 08:00:00,631.3720779227273
2020-06-13 09:00:00,809.3950690045455
2020-06-13 10:00:00,1018.9721387795454
2020-06-13 11:00:00,1195.1723620261364
2020-06-13 12:00:00,1170.0215300306818
2020-06-13 13:00:00,851.2255478886364
2020-06-13 14:00:00,1042.4517451261363
2020-06-13 15:00:00,824.1835632829545
2020-06-13 16:00:00,381.6707183420455
2020-06-13 17:00:00,136.6696631519318
2020-06-13 18:00:00,23.030174512852277
2020-06-13 19:00:00,0.0
2020-06-13 20:00:00,0.0
2020-06-13 21:00:00,0.0
2020-06-13 22:00:00,0.0
2020-06-13 23:00:00,0.0
2020-06-14 00:00:00,0.0
2020-06-14 01:00:00,0.0
2020-06-14 02:00:00,0.0
2020-06-14 03:00:00,0.0
2020-06-14 04:00:00,0.0
2020-06-14 05:00:00,0.0
2020-06-14 06:00:00,51.26521915494318
2020-06-14 07:00:00,310.76542208068184
2020-06-14 08:00:00,446.0357954511364
2020-06-14 09:00:00,743.8643668795454
2020-06-14 10:00:00,934.2756290613636
2020-06-14 11:00:00,789.6019277625
2020-06-14 12:00:00,653.2091720818181
2020-06-14 13:00:00,927.8179180215908
2020-06-14 14:00:00,938.307305194318
2020-06-14 15:00:00,759.6172889579545
2020-06-14 16:00:00,368.1530032488636
2020-06-14 17:00:00,122.68449675215908
2020-06-14 18:00:00,17.008076298761363
2020-06-14 19:00:00,0.0
2020-06-14 20:00:00,0.0
2020-06-14 21:00:00,0.0
2020-06-14 22:00:00,0.0
2020-06-14 23:00:00,0.0
2020-06-15 00:00:00,0.0
2020-06-15 01:00:00,0.0
2020-06-15 02:00:00,0.0
2020-06-15 03:00:00,0.0
2020-06-15 04:00:00,0.0
2020-06-15 05:00:00,0.0
2020-06-15 06:00:00,72.58183847293182
2020-06-15 07:00:00,241.5287540590909
2020-06-15 08:00:00,703.542491884091
2020-06-15 09:00:00,844.2721185056818
2020-06-15 10:00:00,1002.2362621954544
2020-06-15 11:00:00,859.8978693215909
2020-06-15 12:00:00,686.0791598954546
2020-06-15 13:00:00,561.8788555261364
2020-06-15 14:00:00,665.1906655920455
2020-06-15 15:00:00,597.1126420477273
2020-06-15 16:00:00,290.15229302159094
2020-06-15 17:00:00,189.2526176954545
2020-06-15 18:00:00,19.04561688293182
2020-06-15 19:00:00,0.0
2020-06-15 20:00:00,0.0
2020-06-15 21:00:00,0.0
2020-06-15 22:00:00,0.0
2020-06-15 23:00:00,0.0
2020-06-16 00:00:00,0.0
2020-06-16 01:00:00,0.0
2020-06-16 02:00:00,0.0
2020-06-16 03:00:00,0.0
2020-06-16 04:00:00,0.0
2020-06-16 05:00:00,0.0
2020-06-16 06:00:00,45.80142045439773
2020-06-16 07:00:00,249.3588676965909
2020-06-16 08:00:00,518.3600649352273
2020-06-16 09:00:00,702.8622159090909
2020-06-16 10:00:00,964.4748579738635
2020-06-16 11:00:00,818.6184658909092
2020-06-16 12:00:00,571.2264407477273
2020-06-16 13:00:00,640.4043222443182
2020-06-16 14:00:00,686.9664366852273
2020-06-16 15:00:00,497.2779040431818
2020-06-16 16:00:00,326.57366071363634
2020-06-16 17:00:00,150.05927353681818
2020-06-16 18:00:00,26.95560064903409
2020-06-16 19:00:00,0.0
2020-06-16 20:00:00,0.0
2020-06-16 21:00:00,0.0
2020-06-16 22:00:00,0.0
2020-06-16 23:00:00,0.0
2020-06-17 00:00:00,0.0
2020-06-17 01:00:00,0.0
2020-06-17 02:00:00,0.0
2020-06-17 03:00:00,0.0
2020-06-17 04:00:00,0.0
2020-06-17 05:00:00,0.0
2020-06-17 06:00:00,20.073823051954545
2020-06-17 07:00:00,257.8260349034091
2020-06-17 08:00:00,373.219460225
2020-06-17 09:00:00,564.7796063306819
2020-06-17 10:00:00,657.1145495125
2020-06-17 11:00:00,829.9112824693183
2020-06-17 12:00:00,1091.985896934091
2020-06-17 13:00:00,829.1389610386364
2020-06-17 14:00:00,697.4868303568181
2020-06-17 15:00:00,210.80677760045452
2020-06-17 16:00:00,240.6693181818182
2020-06-17 17:00:00,125.76581574454543
2020-06-17 18:00:00,24.707832792272725
2020-06-17 19:00:00,0.0
2020-06-17 20:00:00,0.0
2020-06-17 21:00:00,0.0
2020-06-17 22:00:00,0.0
2020-06-17 23:00:00,0.0
